ID,Vendor,Wine,Region,Country,Vintage,Category,Vendor Wines,Size,Alcohol Volume,Slug,wineType,grapeVarieties,Sweetness,Freshness,Texture,fruitNotes,herbalNotes,mineralNotes,nuttyNotes,ageingNotes,Distributor,Cost ex Vat,Suggested Price,List Price,Barcode,SKU,Handle,Tags,Backorder,Name (from Distributor),Name (from Vendor),Vendor ID (from Vendor),Wine Count
1,Thomas Morey,"St.Aubin 1er Cru, Les Castets",Bourgogne,Francija,2022,Belo,1,750,"13,00%",thomas-morey-st.aubin-1er-cru-les-castets-2022-750ml,Belo,Chardonnay,0,,,,,,,,EVino,"€45,90","€72,80","61,99",,30059001,thomas-morey-st.aubin-1er-cru-les-castets-2022-750ml,"Belo,Bourgogne,Francija",checked,EVino,Thomas Morey,0059,001
2,Batič,Marlon,Vipavska Dolina,Slovenija,2022,Belo,1,750,"13,50%",batic-marlon-2022-750ml,Belo,Secret Blend,0,,,,,,,,Koželj,"€27,29","€43,28","49,99",,30003001,batic-marlon-2022-750ml,"Belo,Vipavska Dolina,Slovenija",checked,Koželj,Batič,0003,001
3,Gaja,Idda White,Sicilia,Italija,2020,Belo,1,750,"12,50%",gaja-idda-white-2020-750ml,Belo,Carricante,0,,,,,,,,EVino,"€30,50","€48,37","49,99",9125252120113,30027001,gaja-idda-white-2020-750ml,"Belo,Sicilia,Italija",checked,EVino,Gaja,0027,001
4,Movia,Veliko Chardonnay,Goriška Brda,Slovenija,2022,Belo,3,750,"13,50%",movia-veliko-chardonnay-2022-750ml,Belo,Chardonnay,0,,,,,,,,Koželj,"€27,15","€43,06","49,99",3830020473136,30044003,movia-veliko-chardonnay-2022-750ml,"Belo,Goriška Brda,Slovenija",checked,Koželj,Movia,0044,003
5,Edi Simčič,Fojana Rebula,Goriška Brda,Slovenija,2021,Belo,2,750,"13,00%",edi-simcic-fojana-rebula-2021-750ml,Belo,Ribolla Gialla,0,,,,,,,,EVino,"€32,00","€50,75","43,99",3831105001213,30021002,edi-simcic-fojana-rebula-2021-750ml,"Belo,Goriška Brda,Slovenija",checked,EVino,Edi Simčič,0021,002
6,Kristian Keber,Brda,Goriška Brda,Slovenija,2021,Belo,1,750,"12,00%",kristian-keber-brda-2021-750ml,Belo,"Ribolla Gialla,Friulano,Malvasia",0,,,,,,,,EVino,"€30,50","€48,37","41,99",8058159742021,30033001,kristian-keber-brda-2021-750ml,"Belo,Goriška Brda,Slovenija",checked,EVino,Kristian Keber,0033,001
7,Vincent Girardin,"Pouilly-Fuisse, Vieilles-Vignes",Bourgogne,Francija,2022,Belo,1,750,"13,00%",vincent-girardin-pouilly-fuisse-vieilles-vignes-2022-750ml,Belo,Chardonnay,0,,,,,,,,EVino,"€30,00","€47,58","40,99",,30067001,vincent-girardin-pouilly-fuisse-vieilles-vignes-2022-750ml,"Belo,Bourgogne,Francija",checked,EVino,Vincent Girardin,0067,001
8,Burja,Stranice,Vipavska Dolina,Slovenija,2020,Belo,1,750,"14,00%",burja-stranice-2020-750ml,Belo,"Ribolla Gialla,Malvasia,Welschriesling",0,,,,,,,,EVino,"€28,70","€45,52","38,99",3830053875506,30005001,burja-stranice-2020-750ml,"Belo,Vipavska Dolina,Slovenija",checked,EVino,Burja,0005,001
9,Livon,Braide Alte,Collio-Friuli,Italija,2021,Belo,1,750,"14,00%",livon-braide-alte-2021-750ml,Belo,"Chardonnay,Sauvignon Blanc",0,,,,,,,,EVino,"€27,90","€44,25","37,99",8024650030615,30036001,livon-braide-alte-2021-750ml,"Belo,Collio-Friuli,Italija",checked,EVino,Livon,0036,001
10,Pichler-Krutzler,"Riesling, Pfaffenberg",Kremstal,Avstrija,2022,Belo,1,750,"12,50%",pichler-krutzler-riesling-pfaffenberg-2022-750ml,Belo,Riesling,1,,,,,,,,EVino,"€25,50","€40,44","34,99",9120060173337,30049001,pichler-krutzler-riesling-pfaffenberg-2022-750ml,"Belo,Kremstal,Avstrija",checked,EVino,Pichler-Krutzler,0049,001
11,Sturm,Andritz Bianco,Collio-Friuli,Italija,2021,Belo,1,750,"14,00%",sturm-andritz-bianco-2021-750ml,Belo,"Sauvignon Blanc,Friulano",0,,,,,,,,EVino,"€25,60","€40,60","34,99",8059340000371,30055001,sturm-andritz-bianco-2021-750ml,"Belo,Collio-Friuli,Italija",checked,EVino,Sturm,0055,001
12,Movia,Veliko Belo,Goriška Brda,Slovenija,2022,Belo,2,750,"13,00%",movia-veliko-belo-2022-750ml,Belo,"Ribolla Gialla,Chardonnay,Sauvignon Blanc",0,,,,,,,,Koželj,"€22,31","€35,38","32,99",3830020472894,30044002,movia-veliko-belo-2022-750ml,"Belo,Goriška Brda,Slovenija",checked,Koželj,Movia,0044,002
13,Cambria,"Chardonnay, Katherine's Vineyard",Santa Maria,ZDA,2021,Belo,1,750,"14,00%",cambria-chardonnay-katherine's-vineyard-2021-750ml,Belo,Chardonnay,0,,,,,,,,EVino,"€23,04","€36,54","31,99",726319000028,30007001,cambria-chardonnay-katherine's-vineyard-2021-750ml,"Belo,Santa Maria,ZDA",checked,EVino,Cambria,0007,001
14,Čotar,Malvazija,Kras,Slovenija,2023,Belo,1,750,"12,00%",cotar-malvazija-2023-750ml,Belo,Malvasia,0,,,,,,,,Koželj,"€22,50","€35,69","35,99",3830070630206,30015001,cotar-malvazija-2023-750ml,"Belo,Kras,Slovenija",checked,Koželj,Čotar,0015,001
15,Čotar,Vitovska Grganja,Kras,Slovenija,2021,Belo,2,750,"12,00%",cotar-vitovska-grganja-2021-750ml,Belo,Vitovska Grganja,0,,,,,,,,Koželj,"€22,50","€35,69","35,99",,30015002,cotar-vitovska-grganja-2021-750ml,"Belo,Kras,Slovenija",checked,Koželj,Čotar,0015,002
16,Zidarich,Prulke,Kras,Italija,2022,Belo,1,750,"13,00%",zidarich-prulke-2022-750ml,Belo,"Sauvignon Blanc,Vitovska Grganja,Malvasia",0,,,,,,,,EVino,"€23,70","€37,59","31,99",8056234660048,30069001,zidarich-prulke-2022-750ml,"Belo,Kras,Slovenija",checked,EVino,Zidarich,0069,001
17,Montemoro,Orange Joy,Istra,Slovenija,2016,Belo,1,750,"14,50%",montemoro-orange-joy-2016-750ml,Belo,Malvasia,0,,,,,,,,Montemoro,"€15,72","€24,93","26,99",3830046510068,30043001,montemoro-orange-joy-2016-750ml,"Belo,Istra,Slovenija",checked,Montemoro,Montemoro,0043,001
18,Oremus,Mandolas,Tokaji,Madžarska,2021,Belo,1,750,"13,50%",oremus-mandolas-2021-750ml,Belo,Furmint,0,,,,,,,,EVino,"€20,00","€31,72","26,99",5998835040214,30046001,oremus-mandolas-2021-750ml,"Belo,Tokaji,Madžarska",checked,EVino,Oremus,0046,001
19,Villa Fabiani,"Pikolit, Suho",Kras,Slovenija,2022,Belo,1,750,"13,00%",villa-fabiani-pikolit-suho-2022-750ml,Belo,Picolit,1,,,,,,,,Koželj,"€14,18","€22,49","30,99",,30066001,villa-fabiani-pikolit-suho-2022-750ml,"Belo,Kras,Slovenija",checked,Koželj,Villa Fabiani,0066,001
20,Edi Keber,Collio Bianco,Collio-Friuli,Italija,2022,Belo,1,750,"13,00%",edi-keber-collio-bianco-2022-750ml,Belo,"Ribolla Gialla,Malvasia,Friulano",0,,,,,,,,EVino,"€18,50","€29,34","24,99",3058159742014,30020001,edi-keber-collio-bianco-2022-750ml,"Belo,Collio-Friuli,Italija",checked,EVino,Edi Keber,0020,001
21,Kmetija Mlečnik,Sauvignonasse,Vipavska Dolina,Slovenija,2018,Belo,1,750,"12,00%",kmetija-mlecnik-sauvignonasse-2018-750ml,Belo,Friulano,0,,,,,,,,Koželj,"€17,64","€27,98","28,99",,30031001,kmetija-mlecnik-sauvignonasse-2018-750ml,"Belo,Vipavska Dolina,Slovenija",checked,Koželj,Kmetija Mlečnik,0031,001
22,La Chablisienne,"Chablis, Les Venerables",Bourgogne,Francija,2021,Belo,1,750,"12,00%",la-chablisienne-chablis-les-venerables-2021-750ml,Belo,Chardonnay,0,,,,,,,,EVino,"€18,30","€29,02","24,99",3332418000608,30034001,la-chablisienne-chablis-les-venerables-2021-750ml,"Belo,Bourgogne,Francija",checked,EVino,La Chablisienne,0034,001
23,Edi Simčič,Chardonnay,Goriška Brda,Slovenija,2021,Belo,1,750,"14,50%",edi-simcic-chardonnay-2021-750ml,Belo,Chardonnay,0,,,,,,,,EVino,"€17,00","€26,96","24,99",3831105000940,30021001,edi-simcic-chardonnay-2021-750ml,"Belo,Goriška Brda,Slovenija",checked,EVino,Edi Simčič,0021,001
24,Movia,Sauvignon Blanc,Goriška Brda,Slovenija,2022,Belo,1,750,"13,00%",movia-sauvignon-blanc-2022-750ml,Belo,Sauvignon Blanc,1,,,,,,,,Koželj,"€16,23","€25,74","24,99",3830020473167,30044001,movia-sauvignon-blanc-2022-750ml,"Belo,Goriška Brda,Slovenija",checked,Koželj,Movia,0044,001
25,Familija,"Sauvignon Blanc, Veliki Vrh",Haloze,Slovenija,2023,Belo,1,750,"13,50%",familija-sauvignon-blanc-veliki-vrh-2023-750ml,Belo,Sauvignon Blanc,1,,,,,,,,EVino,"€14,90","€23,63","20,99",3830022300065,30023001,familija-sauvignon-blanc-veliki-vrh-2023-750ml,"Belo,Haloze,Slovenija",checked,EVino,Familija,0023,001
26,Korenika-Moškon,Malvazija Selekcija,Istra,Slovenija,2018,Belo,1,750,"13,50%",korenika-moskon-malvazija-selekcija-2018-750ml,Belo,Malvasia,0,,,,,,,,Koželj,"€12,76","€20,24","22,99",3830080180166,30032001,korenika-moskon-malvazija-selekcija-2018-750ml,"Belo,Istra,Slovenija",checked,Koželj,Korenika-Moškon,0032,001
27,Michele Chiarlo,"Gavi di Gavi, Rovereto",Piemonte,Italija,2022,Belo,1,750,"13,00%",michele-chiarlo-gavi-di-gavi-rovereto-2022-750ml,Belo,Cortese,0,,,,,,,,EVino,"€14,90","€23,63","19,99",8002365001205,30042001,michele-chiarlo-gavi-di-gavi-rovereto-2022-750ml,"Belo,Piemonte,Italija",checked,EVino,Michele Chiarlo,0042,001
28,Sutor,White,Vipavska Dolina,Slovenija,2020,Belo,1,750,"14,50%",sutor-white-2020-750ml,Belo,"Malvasia,Ribolla Gialla",0,,,,,,,,EVino,"€13,50","€21,41","18,99",3830054165083,30056001,sutor-white-2020-750ml,"Belo,Vipavska Dolina,Slovenija",checked,EVino,Sutor,0056,001
29,Sturm,Ribolla Gialla,Collio-Friuli,Italija,2022,Belo,2,750,"13,00%",sturm-ribolla-gialla-2022-750ml,Belo,Ribolla Gialla,0,,,,,,,,EVino,"€13,60","€21,57","20,99",8059340000401,30055002,sturm-ribolla-gialla-2022-750ml,"Belo,Collio-Friuli,Italija",checked,EVino,Sturm,0055,002
30,Michele Chiarlo,"Roero Arneis, Le Madri",Piemonte,Italija,2023,Belo,2,750,"13,00%",michele-chiarlo-roero-arneis-le-madri-2023-750ml,Belo,Arneis,0,,,,,,,,EVino,"€12,00","€19,03","20,99",8002365006101,30042002,michele-chiarlo-roero-arneis-le-madri-2023-750ml,"Belo,Piemonte,Italija",checked,EVino,Michele Chiarlo,0042,002
31,Butul,"Malvazija, Baby",Istra,Slovenija,2024,Belo,1,750,"12,00%",butul-malvazija-baby-2024-750ml,Belo,Malvasia,0,,,,,,,,Butul,"€10,00","€15,86","14,99",,30006001,butul-malvazija-baby-2024-750ml,"Belo,Istra,Slovenija",checked,Butul,Butul,0006,001
32,Elena Walch,Pinot Bianco,Alto Adige,Italija,2023,Belo,1,750,"13,00%",elena-walch-pinot-bianco-2023-750ml,Belo,Pinot Blanc,0,,,,,,,,EVino,"€10,30","€16,34","13,99",9000905003221,30022001,elena-walch-pinot-bianco-2023-750ml,"Belo,Alto Adige,Italija",checked,EVino,Elena Walch,0022,001
33,Santomas,Malvazija,Istra,Slovenija,2023,Belo,1,750,"13,00%",santomas-malvazija-2023-750ml,Belo,Malvasia,0,,,,,,,,Koželj,"€8,84","€14,02","14,99",3830086120036,30053001,santomas-malvazija-2023-750ml,"Belo,Istra,Slovenija",checked,Koželj,Santomas,0053,001
34,Pieropan,Soave Classico,Veneto,Italija,2023,Belo,1,750,"12,00%",pieropan-soave-classico-2023-750ml,Belo,Garganega,0,,,,,,,,EVino,"€9,40","€14,91","12,99",8023352000018,30050001,pieropan-soave-classico-2023-750ml,"Belo,Veneto,Italija",checked,EVino,Pieropan,0050,001
35,Banfi,"Vermentino, La Pettegola",Toscana,Italija,2024,Belo,1,750,"13,00%",banfi-vermentino-la-pettegola-2024-750ml,Belo,Vermentino,0,,,,,,,,EVino,"€8,50","€13,48","11,99",8015674010271,30002001,banfi-vermentino-la-pettegola-2024-750ml,"Belo,Toscana,Italija",checked,EVino,Banfi,0002,001
36,Marko Sirk,Malvazija,Goriška Brda,Slovenija,2023,Belo,1,750,"12,50%",marko-sirk-malvazija-2023-750ml,Belo,Malvasia,0,,,,,,,,EVino,"€7,80","€12,37","10,99",3830028885764,30038001,marko-sirk-malvazija-2023-750ml,"Belo,Goriška Brda,Slovenija",checked,EVino,Marko Sirk,0038,001
37,Tonin,Malvazija,Istra,Slovenija,2023,Belo,1,750,"12,00%",tonin-malvazija-2023-750ml,Belo,Malvasia,0,,,,,,,,Koželj,"€6,50","€10,31","9,99",3830019640525,30061001,tonin-malvazija-2023-750ml,"Belo,Istra,Slovenija",checked,Koželj,Tonin,0061,001
38,Zaro,Malvazija,Istra,Slovenija,2020,Belo,1,750,"12,50%",zaro-malvazija-2020-750ml,Belo,Malvasia,0,,,,,,,,Koželj,"€7,39","€11,72","10,99",,30068001,zaro-malvazija-2020-750ml,"Belo,Istra,Slovenija",checked,Koželj,Zaro,0068,001
39,Ruinart,Blanc de Blancs,Champagne,Francija,NV,Mehurčki,1,750,"12,50%",ruinart-blanc-de-blancs-nv-750ml,Mehurčki,Chardonnay,0,,,,,,,,EVino,"€65,20","€103,41","87,99",3185370303405,10052001,ruinart-blanc-de-blancs-nv-750ml,"Mehurčki,Champagne,Francija",checked,EVino,Ruinart,0052,001
40,Charles Heidsieck,Brut Reserve,Champagne,Francija,NV,Mehurčki,1,750,"12,00%",charles-heidsieck-brut-reserve-nv-750ml,Mehurčki,"Chardonnay,Pinot Noir,Pinot Meunier",0,,,,,,,,EVino,"€43,40","€68,83","58,99",3037900003678,10009001,charles-heidsieck-brut-reserve-nv-750ml,"Mehurčki,Champagne,Francija",checked,EVino,Charles Heidsieck,0009,001
41,Medot,Millesime,Goriška Brda,Slovenija,2014,Mehurčki,2,750,"12,00%",medot-millesime-2014-750ml,Mehurčki,"Ribolla Gialla,Chardonnay",0,,,,,,,,Koželj,"€25,89","€41,06","44,99",3830038322099,10041002,medot-millesime-2014-750ml,"Mehurčki,Goriška Brda,Slovenija",checked,Koželj,Medot,0041,002
42,Bjana,Cuvee Prestige,Goriška Brda,Slovenija,2020,Mehurčki,1,750,"12,50%",bjana-cuvee-prestige-2020-750ml,Mehurčki,"Chardonnay,Ribolla Gialla",0,,,,,,,,EVino,"€28,00","€44,41","37,99",3830055730020,10004001,bjana-cuvee-prestige-2020-750ml,"Mehurčki,Goriška Brda,Slovenija",checked,EVino,Bjana,0004,001
43,Medot,Rose,Goriška Brda,Slovenija,NV,Mehurčki,3,750,"12,00%",medot-rose-nv-750ml,Mehurčki,"Pinot Noir,Ribolla Gialla",0,,,,,,,,Koželj,"€22,57","€35,80","36,99",3830057370002,10041003,medot-rose-nv-750ml,"Mehurčki,Goriška Brda,Slovenija",checked,Koželj,Medot,0041,003
44,Medot,Brut 48,Goriška Brda,Slovenija,NV,Mehurčki,1,750,"12,50%",medot-brut-48-nv-750ml,Mehurčki,"Chardonnay,Ribolla Gialla,Pinot Noir",0,,,,,,,,Koželj,"€17,93","€28,44","32,99",3830038321092,10041001,medot-brut-48-nv-750ml,"Mehurčki,Goriška Brda,Slovenija",checked,Koželj,Medot,0041,001
45,Marko Sirk,Marcus Brut Rose,Goriška Brda,Slovenija,2022,Mehurčki,3,750,"12,00%",marko-sirk-marcus-brut-rose-2022-750ml,Mehurčki,Pinot Noir,0,,,,,,,,EVino,"€16,80","€26,64","22,99",3830086120012,10038003,marko-sirk-marcus-brut-rose-2022-750ml,"Mehurčki,Goriška Brda,Slovenija",checked,EVino,Marko Sirk,0038,003
46,Marko Sirk,Marcus Brut Nature,Goriška Brda,Slovenija,2022,Mehurčki,2,750,"12,00%",marko-sirk-marcus-brut-nature-2022-750ml,Mehurčki,Chardonnay,0,,,,,,,,EVino,"€15,20","€24,11","20,99",3830086120005,10038002,marko-sirk-marcus-brut-nature-2022-750ml,"Mehurčki,Goriška Brda,Slovenija",checked,EVino,Marko Sirk,0038,002
47,La Vigna di Sarah,Grappoli di Luna Extra Brut,Prosecco,Italija,2023,Mehurčki,1,750,"11,50%",la-vigna-di-sarah-grappoli-di-luna-extra-brut-2023-750ml,Mehurčki,Glera,1,,,,,,,,EVino,"€11,90","€18,87","15,99",8052086570313,10035001,la-vigna-di-sarah-grappoli-di-luna-extra-brut-2023-750ml,"Mehurčki,Prosecco,Italija",checked,EVino,La Vigna di Sarah,0035,001
48,Francois Mikulski,"Volnay 1er Cru, Santenots",Bourgogne,Francija,2008,Rdeče,1,750,"13,00%",francois-mikulski-volnay-1er-cru-santenots-2008-750ml,Rdeče,Pinot Noir,0,,,,,,,,EVino,"€95,00","€150,67","128,99",5236552555513,40026001,francois-mikulski-volnay-1er-cru-santenots-2008-750ml,"Rdeče,Bourgogne,Francija",checked,EVino,Francois Mikulski,0026,001
49,Vincent Girardin,"Gevrey-Chambertin, Vieilles-Vignes",Bourgogne,Francija,2022,Rdeče,2,750,"13,00%",vincent-girardin-gevrey-chambertin-vieilles-vignes-2022-750ml,Rdeče,Pinot Noir,0,,,,,,,,EVino,"€74,50","€118,16","100,99",,40067002,vincent-girardin-gevrey-chambertin-vieilles-vignes-2022-750ml,"Rdeče,Bourgogne,Francija",checked,EVino,Vincent Girardin,0067,002
50,Chateau du Tertre,Margaux,Bordeaux,Francija,2020,Rdeče,1,750,"13,50%",chateau-du-tertre-margaux-2020-750ml,Rdeče,"Cabernet Sauvignon,Cabernet Franc,Merlot,Petit Verdot",0,,,,,,,,EVino,"€56,00","€88,82","75,99",3760126363775,40010001,chateau-du-tertre-margaux-2020-750ml,"Rdeče,Bordeaux,Francija",checked,EVino,Chateau du Tertre,0010,001
51,Chateau Phelan-Segur,Saint-Estephe,Bordeaux,Francija,2019,Rdeče,1,750,"14,00%",chateau-phelan-segur-saint-estephe-2019-750ml,Rdeče,"Cabernet Sauvignon,Merlot,Cabernet Franc",0,,,,,,,,EVino,"€54,00","€85,64","72,99",3609051042938,40013001,chateau-phelan-segur-saint-estephe-2019-750ml,"Rdeče,Bordeaux,Francija",checked,EVino,Chateau Phelan-Segur,0013,001
52,Vincent Girardin,"Pommard, Vieilles-Vignes",Bourgogne,Francija,2022,Rdeče,3,750,"13,00%",vincent-girardin-pommard-vieilles-vignes-2022-750ml,Rdeče,Pinot Noir,0,,,,,,,,EVino,"€52,60","€83,42","70,99",,40067003,vincent-girardin-pommard-vieilles-vignes-2022-750ml,"Rdeče,Bourgogne,Francija",checked,EVino,Vincent Girardin,0067,003
53,Marques de Murieta,Gran Reserva,Rioja,Španija,2015,Rdeče,1,750,"14,00%",marques-de-murieta-gran-reserva-2015-750ml,Rdeče,"Tempranillo,Mourvedre,Grenache,Carignan",0,,,,,,,,Koželj,"€39,00","€61,85","72,99",8411509157027,40039001,marques-de-murieta-gran-reserva-2015-750ml,"Rdeče,Rioja,Španija",checked,Koželj,Marques de Murieta,0039,001
54,Ogier,Chateauneuf-du-Pape,Val de Rhone,Francija,2021,Rdeče,1,750,"14,50%",ogier-chateauneuf-du-pape-2021-750ml,Rdeče,"Grenache,Syrah,Cinsault,Mourvedre",0,,,,,,,,Koželj,"€42,69","€67,71","72,99",3510804130379,40045001,ogier-chateauneuf-du-pape-2021-750ml,"Rdeče,Val de Rhone,Francija",checked,Koželj,Ogier,0045,001
55,Fontodi,"Syrah, Case Via",Toscana,Italija,2019,Rdeče,1,750,"15,00%",fontodi-syrah-case-via-2019-750ml,Rdeče,Syrah,0,,,,,,,,EVino,"€41,80","€66,29","56,99",8021019000050,40025001,fontodi-syrah-case-via-2019-750ml,"Rdeče,Toscana,Italija",checked,EVino,Fontodi,0025,001
56,Banfi,Brunello di Montalcino,Toscana,Italija,2018,Rdeče,2,750,"15,00%",banfi-brunello-di-montalcino-2018-750ml,Rdeče,Sangiovese,0,,,,,,,,EVino,"€36,50","€57,89","49,99",8015674530168,40002002,banfi-brunello-di-montalcino-2018-750ml,"Rdeče,Toscana,Italija",checked,EVino,Banfi,0002,002
57,Domaine Sparr,"Pinot Noir, Carpe Diem",Alsace,Francija,2021,Rdeče,1,750,"13,00%",domaine-sparr-pinot-noir-carpe-diem-2021-750ml,Rdeče,Pinot Noir,0,,,,,,,,EVino,"€36,80","€58,36","49,99",3760112662509,40017001,domaine-sparr-pinot-noir-carpe-diem-2021-750ml,"Rdeče,Alsace,Francija",checked,EVino,Domaine Sparr,0017,001
58,Chateau Lassegue,Saint-Emilion,Bordeaux,Francija,2021,Rdeče,1,750,"14,50%",chateau-lassegue-saint-emilion-2021-750ml,Rdeče,"Merlot,Cabernet Franc,Cabernet Sauvignon",0,,,,,,,,EVino,"€35,00","€55,51","47,99",3760136175153,40011001,chateau-lassegue-saint-emilion-2021-750ml,"Rdeče,Bordeaux,Francija",checked,EVino,Chateau Lassegue,0011,001
59,Gaja,Sito Moresco,Piemonte,Italija,2020,Rdeče,3,750,"14,00%",gaja-sito-moresco-2020-750ml,Rdeče,"Nebbiolo,Merlot,Cabernet Sauvignon",0,,,,,,,,EVino,"€35,00","€55,51","47,99",,40027003,gaja-sito-moresco-2020-750ml,"Rdeče,Piemonte,Italija",checked,EVino,Gaja,0027,003
60,Tenuta San Guido,Guidalberto,Toscana,Italija,2022,Rdeče,1,750,"14,00%",tenuta-san-guido-guidalberto-2022-750ml,Rdeče,"Cabernet Sauvignon,Merlot",0,,,,,,,,EVino,"€35,00","€55,51","47,99",,40058001,tenuta-san-guido-guidalberto-2022-750ml,"Rdeče,Toscana,Italija",checked,EVino,Tenuta San Guido,0058,001
61,Vega Sicilia,Macan Clasico,Ribera del Duero,Španija,2019,Rdeče,1,750,"14,00%",vega-sicilia-macan-clasico-2019-750ml,Rdeče,Tempranillo,0,,,,,,,,EVino,"€35,00","€55,51","47,99",8437023266120,40064001,vega-sicilia-macan-clasico-2019-750ml,"Rdeče,Ribera del Duero,Španija",checked,EVino,Vega Sicilia,0064,001
62,Vietti,"Barbera d'Alba, Vigna Scarrone",Piemonte,Italija,2021,Rdeče,1,750,"15,00%",vietti-barbera-d'alba-vigna-scarrone-2021-750ml,Rdeče,Barbera,0,,,,,,,,EVino,"€34,90","€55,35","47,99",,40065001,vietti-barbera-d'alba-vigna-scarrone-2021-750ml,"Rdeče,Piemonte,Italija",checked,EVino,Vietti,0065,001
63,Michele Chiarlo,"Barbaresco, Reyna",Piemonte,Italija,2019,Rdeče,3,750,"14,00%",michele-chiarlo-barbaresco-reyna-2019-750ml,Rdeče,Nebbiolo,0,,,,,,,,EVino,"€33,10","€52,50","44,99",8002365035903,40042003,michele-chiarlo-barbaresco-reyna-2019-750ml,"Rdeče,Piemonte,Italija",checked,EVino,Michele Chiarlo,0042,003
64,Aldo Conterno,"Barbera, Conca Tre Pile",Piemonte,Italija,2018,Rdeče,1,750,"14,50%",aldo-conterno-barbera-conca-tre-pile-2018-750ml,Rdeče,Barbera,0,,,,,,,,EVino,"€32,50","€51,55","43,99",,40001001,aldo-conterno-barbera-conca-tre-pile-2018-750ml,"Rdeče,Piemonte,Italija",checked,EVino,Aldo Conterno,0001,001
65,Massolino,Barolo,Piemonte,Italija,2019,Rdeče,1,750,"14,00%",massolino-barolo-2019-750ml,Rdeče,Nebbiolo,0,,,,,,,,EVino,"€31,50","€49,96","42,99",830077005600,40040001,massolino-barolo-2019-750ml,"Rdeče,Piemonte,Italija",checked,EVino,Massolino,0040,001
66,Vincent Girardin,"Santenay, Vieilles-Vignes",Bourgogne,Francija,2021,Rdeče,4,750,"13,00%",vincent-girardin-santenay-vieilles-vignes-2021-750ml,Rdeče,Pinot Noir,0,,,,,,,,EVino,"€31,70","€50,28","42,99",1413223232223,40067004,vincent-girardin-santenay-vieilles-vignes-2021-750ml,"Rdeče,Bourgogne,Francija",checked,EVino,Vincent Girardin,0067,004
67,Gaja,Promis,Toscana,Italija,2020,Rdeče,2,750,"14,50%",gaja-promis-2020-750ml,Rdeče,"Merlot,Syrah,Sangiovese",0,,,,,,,,EVino,"€28,90","€45,84","38,99",,40027002,gaja-promis-2020-750ml,"Rdeče,Toscana,Italija",checked,EVino,Gaja,0027,002
68,Torremilanos,Cyclo,Ribera del Duero,Španija,2019,Rdeče,1,750,"15,00%",torremilanos-cyclo-2019-750ml,Rdeče,Tempranillo,0,,,,,,,,EVino,"€28,70","€45,52","38,99",8413202001089,40062001,torremilanos-cyclo-2019-750ml,"Rdeče,Ribera del Duero,Španija",checked,EVino,Torremilanos,0062,001
69,John Duval,Plexus,Barossa Valley,Avstralija,2017,Rdeče,1,750,"14,00%",john-duval-plexus-2017-750ml,Rdeče,"Grenache,Syrah,Mourvedre",1,,,,,,,,EVino,"€27,50","€43,61","37,99",9334921000001,40029001,john-duval-plexus-2017-750ml,"Rdeče,Barossa Valley,Avstralija",checked,EVino,John Duval,0029,001
70,David Duband,Cotes de Nuits,Bourgogne,Francija,2020,Rdeče,1,750,"13,00%",david-duband-cotes-de-nuits-2020-750ml,Rdeče,Pinot Noir,0,,,,,,,,EVino,"€26,50","€42,03","35,99",1412362568743,40016001,david-duband-cotes-de-nuits-2020-750ml,"Rdeče,Bourgogne,Francija",checked,EVino,David Duband,0016,001
71,Gašper,Cabernet Franc,Goriška Brda,Slovenija,2022,Rdeče,1,750,"13,00%",gasper-cabernet-franc-2022-750ml,Rdeče,Cabernet Franc,0,,,,,,,,EVino,"€26,50","€42,03","35,99",8059340000692,40028001,gasper-cabernet-franc-2022-750ml,"Rdeče,Goriška Brda,Slovenija",checked,EVino,Gašper,0028,001
72,Ferdinand,Rdeče Epoca,Goriška Brda,Slovenija,2020,Rdeče,1,750,"13,50%",ferdinand-rdece-epoca-2020-750ml,Rdeče,"Merlot,Cabernet Sauvignon",0,,,,,,,,EVino,"€23,00","€36,48","31,99",3830036330515,40024001,ferdinand-rdece-epoca-2020-750ml,"Rdeče,Goriška Brda,Slovenija",checked,EVino,Ferdinand,0024,001
73,Edi Simčič,Duet,Goriška Brda,Slovenija,2021,Rdeče,3,750,"14,00%",edi-simcic-duet-2021-750ml,Rdeče,"Merlot,Cabernet Sauvignon",0,,,,,,,,EVino,"€22,00","€34,89","29,99",3831105000957,40021003,edi-simcic-duet-2021-750ml,"Rdeče,Goriška Brda,Slovenija",checked,EVino,Edi Simčič,0021,003
74,Santomas,Refošk Antonius,Istra,Slovenija,2016,Rdeče,2,750,"14,50%",santomas-refosk-antonius-2016-750ml,Rdeče,Refosco,0,,,,,,,,Koželj,"€20,83","€33,04","33,99",3830019646114,40053002,santomas-refosk-antonius-2016-750ml,"Rdeče,Istra,Slovenija",checked,Koželj,Santomas,0053,002
75,Burja,Reddo,Vipavska Dolina,Slovenija,2022,Rdeče,2,750,"12,50%",burja-reddo-2022-750ml,Rdeče,"Schioppettino,Refosco,Blaufrankisch",0,,,,,,,,EVino,"€20,90","€33,15","28,99",3830053684509,40005002,burja-reddo-2022-750ml,"Rdeče,Vipavska Dolina,Slovenija",checked,EVino,Burja,0005,002
76,Sutor,Red,Vipavska Dolina,Slovenija,2021,Rdeče,2,750,"13,50%",sutor-red-2021-750ml,Rdeče,"Cabernet Franc,Merlot",0,,,,,,,,EVino,"€21,50","€34,10","28,99",3830054163195,40056002,sutor-red-2021-750ml,"Rdeče,Vipavska Dolina,Slovenija",checked,EVino,Sutor,0056,002
77,Ornellaia,Le Volte,Toscana,Italija,2021,Rdeče,1,750,"14,00%",ornellaia-le-volte-2021-750ml,Rdeče,"Cabernet Sauvignon,Merlot,Petit Verdot",0,,,,,,,,EVino,"€20,50","€32,51","27,99",8059482400022,40047001,ornellaia-le-volte-2021-750ml,"Rdeče,Toscana,Italija",checked,EVino,Ornellaia,0047,001
78,Campo di Sasso,Insoglio del cinghiale,Toscana,Italija,2023,Rdeče,1,750,"14,00%",campo-di-sasso-insoglio-del-cinghiale-2023-750ml,Rdeče,"Cabernet Sauvignon,Syrah,Merlot,Cabernet Franc",0,,,,,,,,EVino,"€20,50","€32,51","27,99",8032937311203,40076001,campo-di-sasso-insoglio-del-cinghiale-2023-750ml,"Rdeče,Toscana,Italija",checked,EVino,Campo di Sasso,0076,001
79,Castelfeder,"Pinot Nero, Buchholz",Alto Adige,Italija,2020,Rdeče,1,750,"13,00%",castelfeder-pinot-nero-buchholz-2020-750ml,Rdeče,Pinot Noir,0,,,,,,,,Koželj,"€18,69","€29,64","29,99",8002237115016,40008001,castelfeder-pinot-nero-buchholz-2020-750ml,"Rdeče,Alto Adige,Italija",checked,Koželj,Castelfeder,0008,001
80,Clarendelle,Saint-Emilion,Bordeaux,Francija,2021,Rdeče,2,750,"13,50%",clarendelle-saint-emilion-2021-750ml,Rdeče,"Merlot,Cabernet Franc",0,,,,,,,,EVino,"€19,50","€30,93","26,99",,40014002,clarendelle-saint-emilion-2021-750ml,"Rdeče,Bordeaux,Francija",checked,EVino,Clarendelle,0014,002
81,E.Guigal,Saint-Joseph,Val de Rhone,Francija,2018,Rdeče,3,750,"14,50%",e.guigal-saint-joseph-2018-750ml,Rdeče,Syrah,0,,,,,,,,EVino,"€19,90","€31,56","26,99",3536650901000,40019003,e.guigal-saint-joseph-2018-750ml,"Rdeče,Val de Rhone,Francija",checked,EVino,E.Guigal,0019,003
82,Montemoro,Black Passion,Istra,Slovenija,2016,Rdeče,2,750,"15,00%",montemoro-black-passion-2016-750ml,Rdeče,Refosco,0,,,,,,,,Montemoro,"€15,72","€24,93","26,99",3830046510037,40043002,montemoro-black-passion-2016-750ml,"Rdeče,Istra,Slovenija",checked,Montemoro,Montemoro,0043,002
83,Rodica,Syrah,Istra,Slovenija,2020,Rdeče,1,750,"14,00%",rodica-syrah-2020-750ml,Rdeče,Syrah,0,,,,,,,,Koželj,"€18,02","€28,58","30,99",3830019643595,40051001,rodica-syrah-2020-750ml,"Rdeče,Istra,Slovenija",checked,Koželj,Rodica,0051,001
84,Tenuta San Guido,Le Difese,Toscana,Italija,2022,Rdeče,2,750,"13,50%",tenuta-san-guido-le-difese-2022-750ml,Rdeče,"Cabernet Sauvignon,Sangiovese",0,,,,,,,,EVino,"€20,00","€31,72","26,99",,40058002,tenuta-san-guido-le-difese-2022-750ml,"Rdeče,Toscana,Italija",checked,EVino,Tenuta San Guido,0058,002
85,E.Guigal,Crozes-Hermitage,Val de Rhone,Francija,2021,Rdeče,2,750,"13,00%",e.guigal-crozes-hermitage-2021-750ml,Rdeče,Syrah,0,,,,,,,,EVino,"€18,00","€28,55","24,99",3536650801003,40019002,e.guigal-crozes-hermitage-2021-750ml,"Rdeče,Val de Rhone,Francija",checked,EVino,E.Guigal,0019,002
86,Tilia,"Pinot Noir, Estate",Vipavska Dolina,Slovenija,2021,Rdeče,1,750,"13,50%",tilia-pinot-noir-estate-2021-750ml,Rdeče,Pinot Noir,0,,,,,,,,EVino,"€17,90","€28,39","24,99",3830021660160,40060001,tilia-pinot-noir-estate-2021-750ml,"Rdeče,Vipavska Dolina,Slovenija",checked,EVino,Tilia,0060,001
87,Vietti,"Langhe Nebbiolo, Perbacco",Piemonte,Italija,2021,Rdeče,2,750,"14,00%",vietti-langhe-nebbiolo-perbacco-2021-750ml,Rdeče,Nebbiolo,0,,,,,,,,EVino,"€18,30","€29,02","24,99",8030198002564,40065002,vietti-langhe-nebbiolo-perbacco-2021-750ml,"Rdeče,Piemonte,Italija",checked,EVino,Vietti,0065,002
88,Pasji Rep,Jebačin,Vipavska Dolina,Slovenija,2022,Rdeče,1,750,"14,00%",pasji-rep-jebacin-2022-750ml,Rdeče,"Cabernet Franc,Merlot",0,,,,,,,,EVino,"€17,50","€27,76","23,99",3830059970026,40048001,pasji-rep-jebacin-2022-750ml,"Rdeče,Vipavska Dolina,Slovenija",checked,EVino,Pasji Rep,0048,001
89,Zaro,Folo Rosso,Istra,Slovenija,2018,Rdeče,2,750,"14,50%",zaro-folo-rosso-2018-750ml,Rdeče,"Merlot,Cabernet Sauvignon",0,,,,,,,,Koželj,"€16,94","€26,87","26,99",3830028885825,40068002,zaro-folo-rosso-2018-750ml,"Rdeče,Istra,Slovenija",checked,Koželj,Zaro,0068,002
90,Pieropan,Ruberpan,Veneto,Italija,2021,Rdeče,2,750,"14,00%",pieropan-ruberpan-2021-750ml,Rdeče,"Corvina,Rondinella,Croatina",1,,,,,,,,EVino,"€16,00","€25,38","21,99",8023352000261,40050002,pieropan-ruberpan-2021-750ml,"Rdeče,Veneto,Italija",checked,EVino,Pieropan,0050,002
91,Clarendelle,Rouge,Bordeaux,Francija,2016,Rdeče,1,750,"13,50%",clarendelle-rouge-2016-750ml,Rdeče,"Merlot,Cabernet Franc,Cabernet Sauvignon",0,,,,,,,,EVino,"€14,40","€22,84","19,99",3760136219949,40014001,clarendelle-rouge-2016-750ml,"Rdeče,Bordeaux,Francija",checked,EVino,Clarendelle,0014,001
92,Štoka,Carsus,Kras,Slovenija,2017,Rdeče,1,750,"13,00%",stoka-carsus-2017-750ml,Rdeče,"Refosco,Cabernet Sauvignon",0,,,,,,,,Koželj,"€14,09","€22,35","23,99",3830019540108,40054001,stoka-carsus-2017-750ml,"Rdeče,Kras,Slovenija",checked,Koželj,Štoka,0054,001
93,Sturm,Cabernet Franc,Collio-Friuli,Italija,2021,Rdeče,3,750,"13,00%",sturm-cabernet-franc-2021-750ml,Rdeče,Cabernet Franc,0,,,,,,,,EVino,"€14,40","€22,84","19,99",3831002400751,40055003,sturm-cabernet-franc-2021-750ml,"Rdeče,Collio-Friuli,Italija",checked,EVino,Sturm,0055,003
94,Tua Rita,Rosso dei Notri,Toscana,Italija,2022,Rdeče,1,750,"14,00%",tua-rita-rosso-dei-notri-2022-750ml,Rdeče,"Sangiovese,Cabernet Sauvignon,Merlot,Syrah",0,,,,,,,,EVino,"€14,20","€22,52","19,99",8033481328105,40063001,tua-rita-rosso-dei-notri-2022-750ml,"Rdeče,Toscana,Italija",checked,EVino,Tua Rita,0063,001
95,Butul,"Refošk, Boškarin",Istra,Slovenija,2022,Rdeče,2,750,"15,00%",butul-refosk-boskarin-2022-750ml,Rdeče,Refosco,0,,,,,,,,Butul,"€12,00","€19,03","17,99",,40006002,butul-refosk-boskarin-2022-750ml,"Rdeče,Istra,Slovenija",checked,Butul,Butul,0006,002
96,Elena Walch,Pinot Nero,Alto Adige,Italija,2024,Rdeče,2,750,"13,00%",elena-walch-pinot-nero-2024-750ml,Rdeče,Pinot Noir,0,,,,,,,,EVino,"€12,70","€20,14","17,99",8000905004792,40022002,elena-walch-pinot-nero-2024-750ml,"Rdeče,Alto Adige,Italija",checked,EVino,Elena Walch,0022,002
97,Santomas,Syrah,Istra,Slovenija,2016,Rdeče,3,750,"13,50%",santomas-syrah-2016-750ml,Rdeče,Syrah,0,,,,,,,,Koželj,"€10,79","€17,11","18,99",3830041090084,40053003,santomas-syrah-2016-750ml,"Rdeče,Istra,Slovenija",checked,Koželj,Santomas,0053,003
98,Montemoro,Kingly Refosco,Istra,Slovenija,2019,Rdeče,3,750,"14,00%",montemoro-kingly-refosco-2019-750ml,Rdeče,Refosco,0,,,,,,,,Montemoro,"€8,00","€12,69","14,99",3830046510013,40043003,montemoro-kingly-refosco-2019-750ml,"Rdeče,Istra,Slovenija",checked,Montemoro,Montemoro,0043,003
99,Korenika-Moškon,Refošk,Istra,Slovenija,2020,Rdeče,2,750,"13,00%",korenika-moskon-refosk-2020-750ml,Rdeče,Refosco,0,,,,,,,,Koželj,"€8,34","€13,23","13,99",3830022300010,40032002,korenika-moskon-refosk-2020-750ml,"Rdeče,Istra,Slovenija",checked,Koželj,Korenika-Moškon,0032,002
100,E.Guigal,Cotes du Rhone,Val de Rhone,Francija,2020,Rdeče,1,750,"15,00%",e.guigal-cotes-du-rhone-2020-750ml,Rdeče,"Syrah,Grenache,Mourvedre",0,,,,,,,,EVino,"€8,90","€14,12","11,99",3536650501002,40019001,e.guigal-cotes-du-rhone-2020-750ml,"Rdeče,Val de Rhone,Francija",checked,EVino,E.Guigal,0019,001
101,Tilia,"Pinot Noir, Vipava",Vipavska Dolina,Slovenija,2023,Rdeče,2,750,"13,00%",tilia-pinot-noir-vipava-2023-750ml,Rdeče,Pinot Noir,0,,,,,,,,EVino,"€8,80","€13,96","11,99",3830021660153,40060002,tilia-pinot-noir-vipava-2023-750ml,"Rdeče,Vipavska Dolina,Slovenija",checked,EVino,Tilia,0060,002
102,Chateau Le Pey,Medoc,Bordeaux,Francija,2018,Rdeče,1,750,"14,00%",chateau-le-pey-medoc-2018-750ml,Rdeče,"Merlot,Cabernet Sauvignon,Cabernet Franc",0,,,,,,,,EVino,"€8,00","€12,69","10,99",3760292810479,40012001,chateau-le-pey-medoc-2018-750ml,"Rdeče,Bordeaux,Francija",checked,EVino,Chateau Le Pey,0012,001
103,M.Chapoutier,"Cotes du Rhone, Belleruche",Val de Rhone,Francija,2023,Rdeče,1,750,"14,50%",m.chapoutier-cotes-du-rhone-belleruche-2023-750ml,Rdeče,"Grenache,Syrah",0,,,,,,,,Koželj,"€6,78","€10,75","11,99",3391180024991,40037001,m.chapoutier-cotes-du-rhone-belleruche-2023-750ml,"Rdeče,Val de Rhone,Francija",checked,Koželj,M.Chapoutier,0037,001
104,Štoka,Izbrani Teran,Kras,Slovenija,2023,Rdeče,2,750,"12,00%",stoka-izbrani-teran-2023-750ml,Rdeče,Refosco,0,,,,,,,,Koželj,"€7,04","€11,17","11,99",3830019540016,40054002,stoka-izbrani-teran-2023-750ml,"Rdeče,Kras,Slovenija",checked,Koželj,Štoka,0054,002
105,Domaines Ott,Rose by Ott,Provence,Francija,2023,Rose,1,750,"13,00%",domaines-ott-rose-by-ott-2023-750ml,Rose,"Grenache,Cinsault,Syrah",0,,,,,,,,Koželj,"€13,63","€21,62","22,99",3383690002743,20018001,domaines-ott-rose-by-ott-2023-750ml,"Rose,Provence,Francija",checked,Koželj,Domaines Ott,0018,001
106,Oremus,Tokaji Aszu 3 Puttonyos,Tokaji,Madžarska,2017,Sladko,2,500,"12,00%",oremus-tokaji-aszu-3-puttonyos-2017-500ml,Sladko,Furmint,5,,,,,,,,EVino,"€33,40","€52,97","44,99",5998835033179,50046002,oremus-tokaji-aszu-3-puttonyos-2017-500ml,"Sladko,Tokaji,Madžarska",checked,EVino,Oremus,0046,002
107,Tua Rita,Sese Passito della Pantelleria,Toscana,Italija,2018,Sladko,2,500,"14,00%",tua-rita-sese-passito-della-pantelleria-2018-500ml,Sladko,Muscat of Alexandria,5,,,,,,,,EVino,"€27,50","€43,61","37,99",8033481320697,50063002,tua-rita-sese-passito-della-pantelleria-2018-500ml,"Sladko,Toscana,Italija",checked,EVino,Tua Rita,0063,002
108,Domaine Sparr,"Riesling, Altenbourg",Alsace,Francija,2022,Belo,2,750,"13,00%",domaine-sparr-riesling-altenbourg-2022-750ml,Belo,Riesling,1,,,,,,,,EVino,"€18,02","€28,58","28,99",3760112661397,30017002,domaine-sparr-riesling-altenbourg-2022-750ml,"Belo,Alsace,Francija",checked,EVino,Domaine Sparr,0017,002
109,Vietti,Roero Arneis,Piemonte,Italija,2023,Belo,3,750,"13,50%",vietti-roero-arneis-2023-750ml,Belo,Arneis,0,,,,,,,,EVino,"€13,52","€21,44","21,99",8030198002595,30065003,vietti-roero-arneis-2023-750ml,"Belo,Piemonte,Italija",checked,EVino,Vietti,0065,003
110,Pichler-Krutzler,"Gruner Veltliner, Klostersatz",Wachau,Avstrija,2023,Belo,2,750,"13,00%",pichler-krutzler-gruner-veltliner-klostersatz-2023-750ml,Belo,Gruner Veltliner,4,,,,,,,,EVino,"€16,66","€26,42","24,99",9120060173566,30049002,pichler-krutzler-gruner-veltliner-klostersatz-2023-750ml,"Belo,Wachau,Avstrija",checked,EVino,Pichler-Krutzler,0049,002
111,Brič,Sivi Pinot,Istra,Slovenija,2023,Belo,1,750,"14,00%",bric-sivi-pinot-2023-750ml,Belo,Pinot Gris,0,,,,,,,,Brič,"€8,72","€13,83","13,99",3830035791003,30070001,bric-sivi-pinot-2023-750ml,"Belo,Istra,Slovenija",checked,Brič,Brič,0070,001
112,Brič,Cabernet Franc,Istra,Slovenija,2018,Rdeče,2,750,"14,00%",bric-cabernet-franc-2018-750ml,Rdeče,Cabernet Franc,0,,,,,,,,Brič,"€9,84","€15,61","15,99",3830035799658,40070002,bric-cabernet-franc-2018-750ml,"Rdeče,Istra,Slovenija",checked,Brič,Brič,0070,002
113,Vilij Bržan,Refošk Antique,Istra,Slovenija,2023,Rdeče,1,750,"12,00%",vilij-brzan-refosk-antique-2023-750ml,Rdeče,Refosco,0,,,,,,,,Vilij Bržan,"€10,50","€16,65","14,99",,40071001,vilij-brzan-refosk-antique-2023-750ml,"Rdeče,Istra,Slovenija",checked,Vilij Bržan,Vilij Bržan,0071,001
114,Vilij Bržan,Cipro,Istra,Slovenija,2023,Sladko,2,500,"14,00%",vilij-brzan-cipro-2023-500ml,Sladko,Cipro,4,,,,,,,,Vilij Bržan,"€8,50","€13,48","11,99",,50071002,vilij-brzan-cipro-2023-500ml,"Sladko,Istra,Slovenija",checked,Vilij Bržan,Vilij Bržan,0071,002
119,Tonin,"Malvazija, Cru Rete",Istra,Slovenija,2023,Belo,2,750,"13,50%",tonin-malvazija-cru-rete-2023-750ml,Belo,Malvasia,0,,,,,,,,Tonin,"€11,50","€18,24","18,99",3830070630275,30061002,tonin-malvazija-cru-rete-2023-750ml,"Belo,Istra,Slovenija",checked,Tonin,Tonin,0061,002
120,Bailly Lapierre,"Rose, Brut",Bourgogne,Francija,NV,Mehurčki,1,750,"12,00%",bailly-lapierre-rose-brut-nv-750ml,Mehurčki,"Gamay,Pinot Noir",0,,,,,,,,EVino,"€10,03","€15,91","15,99",3371804802044,10072001,bailly-lapierre-rose-brut-nv-750ml,"Mehurčki,Bourgogne,Francija",checked,EVino,Bailly Lapierre,0072,001
121,Pasji Rep,Zelen,Vipavska Dolina,Slovenija,2023,Belo,2,750,"12,00%",pasji-rep-zelen-2023-750ml,Belo,Zelen,0,,,,,,,,EVino,"€8,16","€12,94","12,99",3830059970040,30048002,pasji-rep-zelen-2023-750ml,"Belo,Vipavska Dolina,Slovenija",checked,EVino,Pasji Rep,0048,002
122,Chateau Pech Latt,L'Ile Ardente,Corbiere,Francija,2021,Rdeče,1,750,"13,00%",chateau-pech-latt-l'ile-ardente-2021-750ml,Rdeče,"Mourvedre,Grenache,Cinsault",0,,,,,,,,EVino,"€14,19","€22,51","22,99",3760001568554,40073001,chateau-pech-latt-l'ile-ardente-2021-750ml,"Rdeče,Corbiere,Francija",checked,EVino,Chateau Pech Latt,0073,001
123,Can Sumoi,La Rosa,Penedes,Španija,2023,Rose,1,750,"12,00%",can-sumoi-la-rosa-2023-750ml,Rose,"Sumol,Xarel-lo,Parellada",1,,,,,,,,EVino,"€9,35","€14,83","14,99",8421478601551,20074001,can-sumoi-la-rosa-2023-750ml,"Rose,Penedes,Španija",checked,EVino,Can Sumoi,0074,001
124,Campo di Sasso,SOF,Toscana,Italija,2022,Rose,2,750,"12,50%",campo-di-sasso-sof-2022-750ml,Rose,"Cabernet Franc,Syrah",0,,,,,,,,EVino,"€18,70","€29,66","29,99",2838312345674,20076002,campo-di-sasso-sof-2022-750ml,"Rose,Toscana,Italija",checked,EVino,Campo di Sasso,0076,002
125,Sveti Martin,Pinela,Vipavska Dolina,Slovenija,2024,Belo,1,750,"12,50%",sveti-martin-pinela-2024-750ml,Belo,Pinela,0,,,,,,,,Sveti Martin,"€7,70","€12,21","11,99",,30075001,sveti-martin-pinela-2024-750ml,"Belo,Vipavska Dolina,Slovenija",checked,Sveti Martin,Sveti Martin,0075,001
126,Sveti Martin,Barbera,Vipavska Dolina,Slovenija,2021,Rdeče,2,750,"14,00%",sveti-martin-barbera-2021-750ml,Rdeče,Barbera,0,,,,,,,,Sveti Martin,"€11,20","€17,76","16,99",,40075002,sveti-martin-barbera-2021-750ml,"Rdeče,Vipavska Dolina,Slovenija",checked,Sveti Martin,Sveti Martin,0075,002
127,Kendall-Jackson,"Cabernet Reserve, Vintners Reserve",California,ZDA,2019,Rdeče,1,750,"14,50%",kendall-jackson-cabernet-reserve-vintners-reserve-2019-750ml,Rdeče,Cabernet Sauvignon,0,,,,,,,,EVino,"€19,13","€30,34","29,99",81584013174,40078001,kendall-jackson-cabernet-reserve-vintners-reserve-2019-750ml,"Rdeče,California,ZDA",checked,EVino,Kendall-Jackson,0078,001
128,Montis,Malvazija,Istra,Slovenija,2022,Belo,1,750,"14,50%",montis-malvazija-2022-750ml,Belo,Malvasia,0,,,,,,,,Montis,"€10,80","€17,13","16,99",,30079001,montis-malvazija-2022-750ml,"Belo,Istra,Slovenija",checked,Montis,Montis,0079,001
129,Montis,"Laura, Refošk",Istra,Slovenija,2021,Rdeče,2,750,"12,00%",montis-laura-refosk-2021-750ml,Rdeče,Refosco,0,,,,,,,,Montis,"€20,52","€32,54","29,99",,40079002,montis-laura-refosk-2021-750ml,"Rdeče,Istra,Slovenija",checked,Montis,Montis,0079,002
130,Mansus,"Dimenzija, Klarnica",Vipavska Dolina,Slovenija,2018,Belo,1,750,"13,00%",mansus-dimenzija-klarnica-2018-750ml,Belo,Klarnica,0,,,,,,,,Koželj,"€18,80","€29,82","28,99",,30080001,mansus-dimenzija-klarnica-2018-750ml,"Belo,Vipavska Dolina,Slovenija",checked,Koželj,Mansus,0080,001
131,Mansus,Marse,Vipavska Dolina,Slovenija,2017,Rdeče,2,750,"12,50%",mansus-marse-2017-750ml,Rdeče,Marselan,0,,,,,,,,Koželj,"€8,91","€14,13","17,99",,40080002,mansus-marse-2017-750ml,"Rdeče,Vipavska Dolina,Slovenija",checked,Koželj,Mansus,0080,002
132,Batič,Rose,Vipavska Dolina,Slovenija,2024,Rose,2,750,"12,50%",batic-rose-2024-750ml,Rose,"Cabernet Sauvignon,Merlot",2,,,,,,,,Koželj,"€13,70","€21,73","24,99",,20003002,batic-rose-2024-750ml,"Rose,Vipavska Dolina,Slovenija",checked,Koželj,Batič,0003,002
133,Rodica,Malvazija,Istra,Slovenija,2022,Belo,2,750,"13,50%",rodica-malvazija-2022-750ml,Belo,Malvasia,0,,,,,,,,Koželj,"€10,33","€16,38","16,99",,30051002,rodica-malvazija-2022-750ml,"Belo,Istra,Slovenija",checked,Koželj,Rodica,0051,002
134,Čarga,Jakot,Goriška Brda,Slovenija,2021,Belo,1,750,"13,00%",carga-jakot-2021-750ml,Belo,Friulano,0,,,,,,,,Čarga,"€8,40","€13,32","13,99",,30081001,carga-jakot-2021-750ml,"Belo,Goriška Brda,Slovenija",checked,Čarga,Čarga,0081,001
135,Čarga,Cabernet Franc,Goriška Brda,Slovenija,2020,Rdeče,2,750,"13,50%",carga-cabernet-franc-2020-750ml,Rdeče,Cabernet Franc,0,,,,,,,,Čarga,"€12,60","€19,98","18,99",,40081002,carga-cabernet-franc-2020-750ml,"Rdeče,Goriška Brda,Slovenija",checked,Čarga,Čarga,0081,002
137,Sinefinis,Blanc de Blancs,Goriška Brda,Slovenija,2019,Mehurčki,1,750,"12,50%",sinefinis-blanc-de-blancs-2019-750ml,Mehurčki,Chardonnay,0,5,3,2,1,4,2,2,EVino,"€16,15","€25,61","27,99",8053251511049,10083001,sinefinis-blanc-de-blancs-2019-750ml,"Mehurčki,Goriška Brda,Collio-Friuli,Slovenija,Italija",checked,EVino,Sinefinis,0083,001
138,Nicolas Rossignol,Aligote de Bourgogne,Bourgogne,Francija,2021,Belo,1,750,"13,00%",nicolas-rossignol-aligote-de-bourgogne-2021-750ml,Belo,Aligote,0,5,2,3,3,4,1,1,EVino,"€25,00","€39,65","39,99",1199356987857,30084001,nicolas-rossignol-aligote-de-bourgogne-2021-750ml,"Belo,Bourgogne,Francija",checked,EVino,Nicolas Rossignol,0084,001
139,Burja,Bela,Vipavska Dolina,Slovenija,2023,Belo,3,750,"13,00%",burja-bela-2023-750ml,Belo,"Malvasia,Welschriesling,Ribolla Gialla,Secret Blend",0,4,4,4,2,2,0,0,EVino,"€11,73","€18,60","18,99",3830053682703,30005003,burja-bela-2023-750ml,"Belo,Vipavska Dolina,Slovenija",checked,EVino,Burja,0005,003
140,Blažič,Cabernet Sauvignon ,Goriška Brda,Slovenija,2022,Rdeče,1,750,"13,00%",blazic-cabernet-sauvignon--2022-750ml,Rdeče,Cabernet Sauvignon,1,3,5,4,4,0,2,2,EVino,"€8,50","€13,48","15,99",3830075550066,40085001,blazic-cabernet-sauvignon--2022-750ml,"Rdeče,Goriška Brda,Slovenija",checked,EVino,Blažič,0085,001
141,Zidarich,Ruje,Kras,Italija,2017,Rdeče,2,750,"13,50%",zidarich-ruje-2017-750ml,Rdeče,"Merlot,Refosco",1,3,5,4,3,1,2,4,EVino,"€38,25","€60,66","59,99",6038312345674,40069002,zidarich-ruje-2017-750ml,"Rdeče,Kras,Italija",checked,EVino,Zidarich,0069,002
142,Ferdinand,Sivi Pinot,Goriška Brda,Slovenija,2023,Belo,2,750,"13,50%",ferdinand-sivi-pinot-2023-750ml,Belo,Pinot Gris,0,3,1,3,3,3,0,0,EVino,"€8,07","€12,80","13,99",3830036330577,30024002,ferdinand-sivi-pinot-2023-750ml,"Belo,Goriška Brda,Slovenija",checked,EVino,Ferdinand,0024,002
143,Sveti Martin,Rose,Vipavska Dolina,Slovenija,2024,Rose,3,750,"12,50%",sveti-martin-rose-2024-750ml,Rose,"Merlot,Barbera",1,4,1,5,1,2,0,0,Sveti Martin,"€7,70","€12,21","12,99",,20075003,sveti-martin-rose-2024-750ml,"Rose,Vipavska Dolina,Slovenija",checked,Sveti Martin,Sveti Martin,0075,003
144,Kalos,First Edition,Vipavska Dolina,Slovenija,2021,Mehurčki,1,750,"12,50%",kalos-first-edition-2021-750ml,Mehurčki,"Chardonnay,Pinela,Ribolla Gialla",1,8,4,5,2,4,2,5,Kalos,"€80,00","€126,88","127,99",,10086001,kalos-first-edition-2021-750ml,"Mehurčki,Vipavska Dolina,Slovenija",checked,Kalos,Kalos,0086,001
145,Kalos,Beta,Vipavska Dolina,Slovenija,2022,Mehurčki,2,750,"12,00%",kalos-beta-2022-750ml,Mehurčki,"Chardonnay,Ribolla Gialla",1,9,5,3,3,5,2,5,Kalos,"€50,00","€79,30","81,99",,10086002,kalos-beta-2022-750ml,"Mehurčki,Vipavska Dolina,Slovenija",checked,Kalos,Kalos,0086,002
147,Tonin,"Refošk, Premium",Istra,Slovenija,2023,Rdeče,3,750,"13,50%",tonin-refosk-premium-2023-750ml,Rdeče,Refosco,1,7,3,8,3,1,0,0,Tonin,"€8,90","€14,12","14,99",,40061003,tonin-refosk-premium-2023-750ml,"Rdeče,Istra,Slovenija",checked,Tonin,Tonin,0061,003
148,Blažič,Rebula,Goriška Brda,Slovenija,2022,Belo,2,750,"12,00%",blazic-rebula-2022-750ml,Belo,Ribolla Gialla,0,9,3,4,3,6,0,1,EVino,"€8,50","€13,48","14,99",,30085002,blazic-rebula-2022-750ml,"Belo,Goriška Brda,Slovenija",checked,EVino,Blažič,0085,002
149,Ferdinand,"Rebula, Epoca",Goriška Brda,Slovenija,2022,Belo,3,750,"13,00%",ferdinand-rebula-epoca-2022-750ml,Belo,Ribolla Gialla,0,7,6,4,4,6,3,3,EVino,"€15,30","€24,27","25,99",,30024003,ferdinand-rebula-epoca-2022-750ml,"Belo,Goriška Brda,Slovenija",checked,EVino,Ferdinand,0024,003
150,Dolfo,"Cabernet Sauvignon, Reserva",Goriška Brda,Slovenija,2019,Rdeče,1,750,"15,50%",dolfo-cabernet-sauvignon-reserva-2019-750ml,Rdeče,Cabernet Sauvignon,2,5,6,7,4,1,3,5,EVino,"€15,72","€24,93","24,99",,40087001,dolfo-cabernet-sauvignon-reserva-2019-750ml,"Rdeče,Goriška Brda,Slovenija",checked,EVino,Dolfo,0087,001
151,Domaine Ruet,Beaujolais Nouveau,Beaujolais,Francija,2024,Rdeče,1,750,"12,50%",domaine-ruet-beaujolais-nouveau-2024-750ml,Rdeče,Gamay,2,10,1,10,2,2,0,0,Koželj,"€5,73","€9,09","9,99",,40088001,domaine-ruet-beaujolais-nouveau-2024-750ml,"Rdeče,Beaujolais,Francija",checked,Koželj,Domaine Ruet,0088,001
152,Jakončič,"Carolina, Rdeča",Goriška Brda,Slovenija,2021,Rdeče,1,750,"14,50%",jakoncic-carolina-rdeca-2021-750ml,Rdeče,"Cabernet Sauvignon,Cabernet Franc,Merlot",1,5,6,6,4,2,4,3,Koželj,"€22,03","€34,94","34,99",,40089001,jakoncic-carolina-rdeca-2021-750ml,"Rdeče,Goriška Brda,Slovenija",checked,Koželj,Jakončič,0089,001
153,Chateau Patache d'Aux,Médoc,Bordeaux,Francija,2015,Rdeče,1,750,"13,00%",chateau-patache-d'aux-médoc-2015-750ml,Rdeče,"Merlot,Cabernet Sauvignon,Petit Verdot",1,6,6,6,6,3,3,6,Koželj,"€16,67","€26,44","26,99",,40090001,chateau-patache-d'aux-médoc-2015-750ml,"Rdeče,Bordeaux,Francija",checked,Koželj,Chateau Patache d'Aux,0090,001
154,Kmetija Mlečnik,Merlot,Vipavska Dolina,Slovenija,2015,Rdeče,2,750,"12,00%",kmetija-mlecnik-merlot-2015-750ml,Rdeče,Merlot,0,8,4,6,6,5,2,8,Koželj,"€19,02","€30,17","30,99",,40031002,kmetija-mlecnik-merlot-2015-750ml,"Rdeče,Vipavska Dolina,Slovenija",checked,Koželj,Kmetija Mlečnik,0031,002
155,Šuklje,"Vrbanjka, Modra Frankinja",Bela Krajina,Slovenija,2020,Rdeče,1,750,"13,50%",suklje-vrbanjka-modra-frankinja-2020-750ml,Rdeče,Blaufrankisch,2,6,7,8,5,3,1,1,Koželj,"€19,03","€30,19","30,99",,40091001,suklje-vrbanjka-modra-frankinja-2020-750ml,"Rdeče,Bela Krajina,Slovenija",checked,Koželj,Šuklje,0091,001
156,Marof,Beli Križ,Prekmurje,Slovenija,2024,Belo,1,750,"11,50%",marof-beli-kriz-2024-750ml,Belo,"Welschriesling,Chardonnay,Sauvignon Blanc",0,9,2,5,4,2,0,0,Koželj,"€5,24","€8,31","8,99",,30092001,marof-beli-kriz-2024-750ml,"Belo,Prekmurje,Slovenija",checked,Koželj,Marof,0092,001
157,Chateau des Jacques,Moulin-a-Vent,Beaujolais,Francija,2014,Rdeče,1,750,"13,00%",chateau-des-jacques-moulin-a-vent-2014-750ml,Rdeče,Gamay,2,8,6,9,4,2,2,4,Koželj,"€15,08","€23,92","23,99",,40093001,chateau-des-jacques-moulin-a-vent-2014-750ml,"Rdeče,Beaujolais,Francija",checked,Koželj,Chateau des Jacques,0093,001
158,M.Chapoutier,"Petite Ruche, Crozes-Hermitage",Val de Rhone,Francija,2022,Belo,2,750,"12,50%",m.chapoutier-petite-ruche-crozes-hermitage-2022-750ml,Belo,"Marsanne,Rousanne",0,8,6,5,6,7,4,1,Koželj,"€14,71","€23,33","23,99",,30037002,m.chapoutier-petite-ruche-crozes-hermitage-2022-750ml,"Belo,Val de Rhone,Francija",checked,Koželj,M.Chapoutier,0037,002
159,Castelfeder,Gewurztraminer Vom Lehm,Alto Adige,Italija,2021,Belo,2,750,"14,50%",castelfeder-gewurztraminer-vom-lehm-2021-750ml,Belo,Gewurztraminer,3,8,5,10,2,5,0,2,Koželj,"€14,82","€23,50","23,99",,30008002,castelfeder-gewurztraminer-vom-lehm-2021-750ml,"Belo,Alto Adige,Italija",checked,Koželj,Castelfeder,0008,002
160,KlenArt,Rosa,Istra,Slovenija,2023,Rose,1,750,"12,00%",klenart-rosa-2023-750ml,Rose,Pinot Noir,1,8,3,9,2,5,0,0,Klenar,"€6,50","€10,31","10,99",,20095001,klenart-rosa-2023-750ml,"Rose,Istra,Slovenija",checked,Klenar,KlenArt,0095,001
161,KlenArt,"Cabernet Sauvignon, Vrh",Istra,Slovenija,2020,Rdeče,2,750,"14,50%",klenart-cabernet-sauvignon-vrh-2020-750ml,Rdeče,Cabernet Sauvignon,1,4,7,7,4,2,3,5,Klenar,"€15,00","€23,79","25,99",,40095002,klenart-cabernet-sauvignon-vrh-2020-750ml,"Rdeče,Istra,Slovenija",checked,Klenar,KlenArt,0095,002
162,KlenArt,"Modri Pinot, Tinja",Istra,Slovenija,2019,Rdeče,3,750,"14,00%",klenart-modri-pinot-tinja-2019-750ml,Rdeče,Pinot Noir,1,6,6,5,5,5,3,6,Klenar,"€15,00","€23,79","25,99",,40095003,klenart-modri-pinot-tinja-2019-750ml,"Rdeče,Istra,Slovenija",checked,Klenar,KlenArt,0095,003
163,Rojac,Renero,Istra,Slovenija,2018,Rdeče,1,750,"15,50%",rojac-renero-2018-750ml,Rdeče,Refosco,2,5,9,6,5,2,7,6,Koželj,"€27,15","€43,06","42,99",,40097001,rojac-renero-2018-750ml,"Rdeče,Istra,Slovenija",checked,Koželj,Rojac,0097,001
164,Bjana,Brut,Goriška Brda,Slovenija,NV,Mehurčki,2,750,"12,00%",bjana-brut-nv-750ml,Mehurčki,"Chardonnay,Pinot Noir",2,8,4,6,2,5,5,2,EVino,"€15,72","€24,93","25,99",,10004002,bjana-brut-nv-750ml,"Mehurčki,Goriška Brda,Slovenija",checked,EVino,Bjana,0004,002
165,Kendall-Jackson,"Chardonnay, Vintners Reserve",California,ZDA,2023,Belo,2,750,"13,50%",kendall-jackson-chardonnay-vintners-reserve-2023-750ml,Belo,Chardonnay,3,5,6,8,1,1,4,2,EVino,"€13,17","€20,89","20,99",,30078002,kendall-jackson-chardonnay-vintners-reserve-2023-750ml,"Belo,California,ZDA",checked,EVino,Kendall-Jackson,0078,002
166,Colnar,Cviček,Dolenjska,Slovenija,2023,Rdeče,1,750,"10,00%",colnar-cvicek-2023-750ml,Rdeče,"Žametna Črnina,Blaufrankisch,Kraljevina,Welschriesling",0,10,1,9,3,2,0,0,EVino,"€3,82","€6,06","6,99",,40098001,colnar-cvicek-2023-750ml,"Rdeče,Dolenjska,Slovenija",checked,EVino,Colnar,0098,001
167,Edi Simčič,"I can't Stop, Sauvignonasse",Goriška Brda,Slovenija,2019,Belo,4,750,"14,00%",edi-simcic-i-can't-stop-sauvignonasse-2019-750ml,Belo,Friulano,1,5,7,5,2,6,5,6,EVino,"€16,15","€25,61","25,99",,30021004,edi-simcic-i-can't-stop-sauvignonasse-2019-750ml,"Belo,Goriška Brda,Slovenija",checked,EVino,Edi Simčič,0021,004
168,Gross,Haloze Blanc,Haloze,Slovenija,2022,Belo,1,750,"13,00%",gross-haloze-blanc-2022-750ml,Belo,"Furmint,Welschriesling,Sauvignon Blanc",1,8,6,6,6,4,2,3,EVino,"€9,61","€15,24","15,99",,30099001,gross-haloze-blanc-2022-750ml,"Belo,Haloze,Slovenija",checked,EVino,Gross,0099,001
169,Dolfo,Merlot,Goriška Brda,Slovenija,2022,Rdeče,2,750,"13,00%",dolfo-merlot-2022-750ml,Rdeče,Merlot,1,6,7,7,4,2,3,2,EVino,"€7,82","€12,40","13,99",,40087002,dolfo-merlot-2022-750ml,"Rdeče,Goriška Brda,Slovenija",checked,EVino,Dolfo,0087,002
170,Tilia,Rumeni Muškat,Vipavska Dolina,Slovenija,2023,Belo,3,750,"10,50%",tilia-rumeni-muskat-2023-750ml,Belo,Moscato Giallo,5,6,2,10,2,2,0,0,EVino,"€7,48","€11,86","13,99",,30060003,tilia-rumeni-muskat-2023-750ml,"Belo,Vipavska Dolina,Slovenija",checked,EVino,Tilia,0060,003
171,Altos Las Hormigas,Malbec Clasico,Mendoza,Argentina,2022,Rdeče,1,750,"13,50%",altos-las-hormigas-malbec-clasico-2022-750ml,Rdeče,Malbec,2,7,8,8,5,1,4,3,EVino,"€11,81","€18,73","19,99",,40100001,altos-las-hormigas-malbec-clasico-2022-750ml,"Rdeče,Mendoza,Argentina",checked,EVino,Altos Las Hormigas,0100,001
172,Tonin,"Iris, Brut Nature",Istra,Slovenija,2023,Mehurčki,4,750,"12,50%",tonin-iris-brut-nature-2023-750ml,Mehurčki,"Malvasia,Chardonnay",0,9,4,3,3,5,2,1,Tonin,"€9,99","€15,84","15,99",,10061004,tonin-iris-brut-nature-2023-750ml,"Mehurčki,Istra,Slovenija",checked,Tonin,Tonin,0061,004
173,Edi Simčič,Duet Lex,Goriška Brda,Slovenija,2020,Rdeče,4,750,,edi-simcic-duet-lex-2020-750ml,Rdeče,"Merlot,Cabernet Franc,Cabernet Sauvignon",,,,,,,,,EVino,"€34,00","€53,92","54,99",,40021004,edi-simcic-duet-lex-2020-750ml,"Rdeče,Goriška Brda,Slovenija",checked,EVino,Edi Simčič,0021,004
174,Edi Simčič,Triton,Goriška Brda,Slovenija,2021,Belo,5,750,,edi-simcic-triton-2021-750ml,Belo,"Friulano,Pinot Blanc,Ribolla Gialla,Malvasia",,,,,,,,,EVino,"€12,75","€20,22","20,99",,30021005,edi-simcic-triton-2021-750ml,"Belo,Goriška Brda,Slovenija",checked,EVino,Edi Simčič,0021,005
175,Gašper,Cabernet Franc,Goriška Brda,Slovenija,2022,Rdeče,2,750,,gasper-cabernet-franc-2022-750ml,Rdeče,Cabernet Franc,,,,,,,,,EVino,"€25,07","€39,76","39,99",,40028002,gasper-cabernet-franc-2022-750ml,"Rdeče,Goriška Brda,Slovenija",checked,EVino,Gašper,0028,002
176,Gašper,Rebula Selekcija,Goriška Brda,Slovenija,2021,Belo,3,750,,gasper-rebula-selekcija-2021-750ml,Belo,Ribolla Gialla,,,,,,,,,EVino,"€12,66","€20,08","20,99",,30028003,gasper-rebula-selekcija-2021-750ml,"Belo,Goriška Brda,Slovenija",checked,EVino,Gašper,0028,003
177,Can Sumoi,Sumoll-Garnatxa,Penedes,Španija,2021,Rdeče,2,750,,can-sumoi-sumoll-garnatxa-2021-750ml,Rdeče,"Grenache,Sumol",,,,,,,,,EVino,"€10,20","€16,18","16,99",,40074002,can-sumoi-sumoll-garnatxa-2021-750ml,"Rdeče,Penedes,Španija",checked,EVino,Can Sumoi,0074,002
178,Pieropan,"La Rocca, Soave Classico",Veneto,Italija,2023,Belo,3,750,,pieropan-la-rocca-soave-classico-2023-750ml,Belo,Garganega,,,,,,,,,EVino,"€25,50","€40,44","35,99",,30050003,pieropan-la-rocca-soave-classico-2023-750ml,"Belo,Veneto,Italija",checked,EVino,Pieropan,0050,003
179,Pieropan,Amarone,Veneto,Italija,2018,Rdeče,4,750,,pieropan-amarone-2018-750ml,Rdeče,"Corvina,Molinara,Rondinella,Croatina",,,,,,,,,EVino,"€35,02","€55,54","55,99",,40050004,pieropan-amarone-2018-750ml,"Rdeče,Veneto,Italija",checked,EVino,Pieropan,0050,004
180,Gaja,Idda Sicilia Red,Sicilia,Italija,2019,Rdeče,4,750,,gaja-idda-sicilia-red-2019-750ml,Rdeče,Nerello Mascalese,,,,,,,,,EVino,"€25,93","€41,12","41,99",,40027004,gaja-idda-sicilia-red-2019-750ml,"Rdeče,Sicilia,Italija",checked,EVino,Gaja,0027,004
181,Gradisciutta,Franconia,Collio-Friuli,Italija,2020,Rdeče,1,750,,gradisciutta-franconia-2020-750ml,Rdeče,Blaufrankisch,,,,,,,,,EVino,"€9,18","€14,56","14,99",,40101001,gradisciutta-franconia-2020-750ml,"Rdeče,Collio-Friuli,Italija",checked,EVino,Gradisciutta,0101,001
182,Dandelion,Enchanted Garden of the Eden Valley,Eden Valley,Avstralija,2021,Belo,1,750,,dandelion-enchanted-garden-of-the-eden-valley-2021-750ml,Belo,Riesling,,,,,,,,,EVino,"€10,79","€17,11","17,99",,30102001,dandelion-enchanted-garden-of-the-eden-valley-2021-750ml,"Belo,Eden Valley,Avstralija",checked,EVino,Dandelion,0102,001
183,San Roman,Prima,Toro,Španija,2019,Rdeče,1,750,,san-roman-prima-2019-750ml,Rdeče,"Tempranillo,Grenache",,,,,,,,,EVino,"€8,50","€13,48","14,99",,40103001,san-roman-prima-2019-750ml,"Rdeče,Toro,Španija",checked,EVino,San Roman,0103,001
184,Butul,Muškatna,Istra,Slovenija,2023,Belo,3,750,,butul-muskatna-2023-750ml,Belo,Muscat of Alexandria,4,7,3,10,,,,,Butul,"€11,00","€17,45","17,99",,30006003,butul-muskatna-2023-750ml,"Belo,Istra,Slovenija",checked,Butul,Butul,0006,003
185,Frešer,"Markus, Renski Rizling",Maribor,Slovenija,2022,Belo,1,750,,freser-markus-renski-rizling-2022-750ml,Belo,Riesling,,,,,,,,,Koželj,"€11,00","€17,45","16,99",,30104001,freser-markus-renski-rizling-2022-750ml,"Belo,Maribor,Slovenija",checked,Koželj,Frešer,0104,001
186,Frešer,"Markus, Modri Pinot",Maribor,Slovenija,2022,Rdeče,2,750,,freser-markus-modri-pinot-2022-750ml,Rdeče,Pinot Noir,,,,,,,,,Koželj,"€12,86","€20,40","19,99",,40104002,freser-markus-modri-pinot-2022-750ml,"Rdeče,Maribor,Slovenija",checked,Koželj,Frešer,0104,002
187,Tonin,"Malvazija, Premium",Istra,Slovenija,2023,Belo,5,750,"12,50%",tonin-malvazija-premium-2023-750ml,Belo,Malvasia,,,,,,,,,Tonin,"€9,99","€15,84","15,99",,30061005,tonin-malvazija-premium-2023-750ml,"Belo,Istra,Slovenija",checked,Tonin,Tonin,0061,005
188,Plahuta,Rose,Istra,Slovenija,2024,Rose,1,750,"12,50%",plahuta-rose-2024-750ml,Rose,Refosco,,,,,,,,,Plahuta,"€6,00","€9,52","10,99",,20105001,plahuta-rose-2024-750ml,"Sladko,Istra,Slovenija,Rose",checked,Plahuta,Plahuta,0105,001
189,Plahuta,Cipro,Istra,Slovenija,2017,Sladko,2,500,"15,00%",plahuta-cipro-2017-500ml,Sladko,Cipro,5,,,,,,,,Plahuta,"€7,00","€11,10","11,99",,50105002,plahuta-cipro-2017-500ml,"Sladko,Istra,Slovenija",checked,Plahuta,Plahuta,0105,002